age,workclass,education,marital_status,occupation,relationship,race,sex,hours_per_week,native_country,income
56,Private,Bachelors,Married,Other-service,Own-child,Amer-Indian-Eskimo,Male,35,India,67887
46,Private,Masters,Single,Exec-managerial,Wife,Amer-Indian-Eskimo,Female,36,Mexico,48198
32,Government,Some-college,Single,Tech-support,Not-in-family,Asian-Pac-Islander,Male,59,Philippines,47263
60,Government,Bachelors,Divorced,Tech-support,Not-in-family,Black,Female,47,Mexico,42730
25,Private,HS-grad,Single,Sales,Own-child,Asian-Pac-Islander,Male,31,Germany,55146
38,Unemployed,PhD,Divorced,Tech-support,Unmarried,Asian-Pac-Islander,Female,46,United-States,54626
56,Government,Bachelors,Married,Other-service,Own-child,White,Male,49,Philippines,40005
36,Private,Bachelors,Divorced,Other-service,Wife,Other,Male,53,Philippines,47334
40,Private,Masters,Married,Tech-support,Own-child,Amer-Indian-Eskimo,Female,56,Germany,40105
28,Unemployed,Some-college,Divorced,Tech-support,Husband,Black,Male,25,Mexico,39426
28,Self-emp,PhD,Widowed,Sales,Wife,Amer-Indian-Eskimo,Male,26,United-States,24051
41,Government,HS-grad,Widowed,Tech-support,Wife,Amer-Indian-Eskimo,Female,51,Mexico,46536
53,Unemployed,PhD,Single,Sales,Unmarried,Other,Male,51,India,24466
57,Private,HS-grad,Divorced,Sales,Not-in-family,Amer-Indian-Eskimo,Female,44,Mexico,43057
41,Private,Some-college,Divorced,Tech-support,Wife,Amer-Indian-Eskimo,Male,52,Philippines,40809
20,Unemployed,HS-grad,Married,Craft-repair,Not-in-family,Asian-Pac-Islander,Male,26,United-States,65778
39,Government,Masters,Single,Craft-repair,Own-child,Other,Male,31,Mexico,34775
19,Self-emp,Masters,Divorced,Sales,Husband,White,Male,35,United-States,38582
41,Self-emp,Masters,Single,Tech-support,Unmarried,Black,Female,35,United-States,44277
61,Private,Masters,Widowed,Craft-repair,Not-in-family,Amer-Indian-Eskimo,Male,55,India,41297
47,Government,PhD,Divorced,Tech-support,Wife,Black,Female,32,India,70538
55,Self-emp,Some-college,Divorced,Tech-support,Not-in-family,White,Male,26,Philippines,32921
19,Government,HS-grad,Single,Tech-support,Wife,Black,Male,55,Germany,44308
38,Government,HS-grad,Divorced,Exec-managerial,Not-in-family,White,Male,28,United-States,54980
50,Private,Masters,Single,Tech-support,Wife,Asian-Pac-Islander,Male,51,Germany,63217
29,Self-emp,Masters,Divorced,Exec-managerial,Own-child,Amer-Indian-Eskimo,Female,30,Philippines,44296
39,Unemployed,Bachelors,Married,Sales,Wife,White,Female,27,United-States,21228
61,Private,Some-college,Single,Craft-repair,Wife,Black,Female,52,United-States,47748
42,Self-emp,PhD,Divorced,Craft-repair,Husband,Amer-Indian-Eskimo,Female,42,Germany,70280
44,Self-emp,HS-grad,Widowed,Craft-repair,Wife,Asian-Pac-Islander,Male,44,Mexico,54232
59,Self-emp,Bachelors,Divorced,Craft-repair,Husband,Amer-Indian-Eskimo,Female,27,India,53546
45,Self-emp,Bachelors,Widowed,Craft-repair,Unmarried,White,Female,41,Mexico,34054
33,Self-emp,HS-grad,Widowed,Craft-repair,Husband,Asian-Pac-Islander,Male,23,Germany,32514
32,Government,PhD,Married,Craft-repair,Own-child,Black,Male,59,India,50270
64,Private,Bachelors,Single,Sales,Husband,Asian-Pac-Islander,Male,22,Mexico,28604
61,Government,Bachelors,Divorced,Tech-support,Unmarried,Asian-Pac-Islander,Male,48,India,61720
20,Unemployed,Some-college,Married,Other-service,Own-child,Other,Female,48,United-States,37300
54,Self-emp,PhD,Divorced,Exec-managerial,Not-in-family,Asian-Pac-Islander,Female,53,Mexico,49630
24,Private,Bachelors,Widowed,Other-service,Not-in-family,Asian-Pac-Islander,Male,53,India,21713
38,Self-emp,PhD,Single,Other-service,Husband,Amer-Indian-Eskimo,Male,47,India,44092
26,Private,HS-grad,Divorced,Tech-support,Husband,Black,Male,32,India,32212
56,Government,Masters,Divorced,Tech-support,Unmarried,Amer-Indian-Eskimo,Female,34,Mexico,15170
35,Private,Bachelors,Widowed,Tech-support,Unmarried,Amer-Indian-Eskimo,Female,42,Philippines,58127
21,Unemployed,Some-college,Divorced,Craft-repair,Wife,White,Male,45,Mexico,74617
42,Unemployed,HS-grad,Divorced,Sales,Unmarried,Amer-Indian-Eskimo,Male,23,Germany,66942
31,Private,PhD,Widowed,Craft-repair,Wife,Other,Female,45,Mexico,60225
26,Private,HS-grad,Married,Sales,Own-child,Other,Male,59,India,43788
43,Private,Bachelors,Widowed,Sales,Husband,White,Male,28,United-States,62088
19,Private,PhD,Married,Other-service,Own-child,Black,Female,24,Mexico,68357
37,Unemployed,Masters,Single,Other-service,Unmarried,Black,Male,51,Mexico,52052
45,Self-emp,HS-grad,Married,Sales,Own-child,Amer-Indian-Eskimo,Female,39,India,32234
64,Private,Bachelors,Married,Sales,Own-child,Amer-Indian-Eskimo,Male,30,United-States,42509
24,Private,Some-college,Single,Craft-repair,Own-child,Amer-Indian-Eskimo,Male,34,United-States,75540
61,Unemployed,PhD,Married,Craft-repair,Unmarried,Black,Female,51,Germany,48878
25,Unemployed,HS-grad,Widowed,Other-service,Own-child,Asian-Pac-Islander,Female,47,Mexico,128
64,Government,HS-grad,Married,Tech-support,Wife,Other,Male,41,United-States,27966
52,Private,Masters,Single,Sales,Unmarried,Asian-Pac-Islander,Female,36,United-States,43633
31,Government,Masters,Widowed,Craft-repair,Own-child,Asian-Pac-Islander,Male,45,Philippines,65537
34,Unemployed,Some-college,Single,Other-service,Unmarried,Black,Male,26,Philippines,45903
53,Unemployed,Some-college,Single,Craft-repair,Not-in-family,Asian-Pac-Islander,Female,45,United-States,65816
57,Self-emp,Bachelors,Divorced,Sales,Wife,White,Male,44,Germany,42107
21,Private,Bachelors,Divorced,Sales,Own-child,Amer-Indian-Eskimo,Male,29,United-States,20535
19,Government,Some-college,Single,Exec-managerial,Not-in-family,White,Female,38,India,42626
23,Unemployed,Some-college,Single,Tech-support,Not-in-family,Other,Female,30,Mexico,55174
59,Unemployed,PhD,Single,Exec-managerial,Unmarried,Amer-Indian-Eskimo,Male,32,Germany,53929
21,Government,Masters,Divorced,Other-service,Not-in-family,Asian-Pac-Islander,Female,27,India,31173
46,Self-emp,Bachelors,Divorced,Craft-repair,Wife,Other,Female,59,Germany,44732
35,Unemployed,Masters,Married,Other-service,Wife,Amer-Indian-Eskimo,Female,23,India,90270
43,Private,Masters,Married,Sales,Husband,Asian-Pac-Islander,Female,50,Mexico,31500
61,Unemployed,Some-college,Single,Exec-managerial,Wife,White,Male,47,Mexico,59910
51,Private,PhD,Widowed,Exec-managerial,Not-in-family,Amer-Indian-Eskimo,Male,30,Philippines,18549
27,Government,HS-grad,Widowed,Exec-managerial,Wife,Asian-Pac-Islander,Male,20,India,62956
53,Private,PhD,Divorced,Other-service,Unmarried,White,Female,57,Philippines,36615
31,Government,PhD,Divorced,Sales,Husband,Other,Female,43,India,56031
48,Private,Masters,Divorced,Craft-repair,Not-in-family,Other,Female,50,Philippines,30627
32,Government,PhD,Single,Craft-repair,Husband,Other,Female,45,Mexico,54362
25,Private,Bachelors,Widowed,Other-service,Not-in-family,Other,Female,24,Germany,36370
31,Self-emp,Masters,Married,Exec-managerial,Unmarried,Black,Female,39,Philippines,39274
40,Private,Bachelors,Single,Tech-support,Husband,Amer-Indian-Eskimo,Female,30,India,56629
57,Private,HS-grad,Married,Other-service,Own-child,Amer-Indian-Eskimo,Male,52,India,43544
38,Self-emp,Masters,Married,Other-service,Not-in-family,Black,Male,57,Mexico,55705
33,Unemployed,HS-grad,Single,Sales,Own-child,Asian-Pac-Islander,Female,46,India,47137
62,Unemployed,Masters,Married,Craft-repair,Husband,Asian-Pac-Islander,Female,53,United-States,51012
35,Private,Some-college,Widowed,Other-service,Own-child,Other,Female,34,Germany,56676
64,Self-emp,PhD,Married,Other-service,Own-child,White,Male,51,Philippines,44749
41,Private,Some-college,Widowed,Exec-managerial,Husband,Asian-Pac-Islander,Male,40,Germany,35059
43,Government,HS-grad,Widowed,Exec-managerial,Unmarried,White,Female,24,Mexico,42015
42,Government,PhD,Widowed,Tech-support,Own-child,Amer-Indian-Eskimo,Female,25,Philippines,67927
62,Private,Masters,Divorced,Sales,Own-child,White,Male,57,Philippines,51742
58,Unemployed,PhD,Married,Tech-support,Unmarried,Amer-Indian-Eskimo,Male,41,United-States,37326
46,Unemployed,Bachelors,Single,Exec-managerial,Own-child,Black,Male,37,Mexico,56023
32,Private,PhD,Single,Craft-repair,Own-child,Black,Male,33,India,57024
62,Private,Bachelors,Married,Exec-managerial,Own-child,Other,Female,29,United-States,57799
18,Government,PhD,Divorced,Sales,Wife,Asian-Pac-Islander,Male,32,United-States,35332
42,Unemployed,Bachelors,Divorced,Exec-managerial,Unmarried,Other,Male,50,Germany,39764
24,Private,HS-grad,Widowed,Sales,Own-child,Amer-Indian-Eskimo,Female,49,Germany,39847
26,Government,Some-college,Married,Sales,Unmarried,Other,Male,22,Germany,44590
41,Unemployed,Masters,Married,Sales,Not-in-family,White,Male,49,United-States,58083
18,Self-emp,PhD,Single,Sales,Not-in-family,Amer-Indian-Eskimo,Male,25,India,54442
61,Government,Some-college,Married,Sales,Own-child,Black,Female,48,Philippines,55628
25,Unemployed,Masters,Divorced,Craft-repair,Unmarried,Asian-Pac-Islander,Male,27,Germany,70310
41,Unemployed,Masters,Married,Tech-support,Unmarried,Amer-Indian-Eskimo,Female,52,India,60333
28,Government,Bachelors,Single,Other-service,Unmarried,Amer-Indian-Eskimo,Female,36,Mexico,47872
34,Self-emp,HS-grad,Widowed,Tech-support,Wife,White,Male,30,Germany,32241
25,Government,HS-grad,Single,Sales,Not-in-family,Asian-Pac-Islander,Male,32,Philippines,39281
52,Unemployed,Some-college,Single,Craft-repair,Unmarried,Black,Male,30,Mexico,46074
52,Private,HS-grad,Widowed,Exec-managerial,Unmarried,Amer-Indian-Eskimo,Male,50,Mexico,62436
50,Private,PhD,Single,Craft-repair,Wife,Amer-Indian-Eskimo,Female,47,Philippines,49590
22,Government,HS-grad,Single,Sales,Wife,White,Male,25,Germany,40157
59,Unemployed,Some-college,Married,Craft-repair,Unmarried,Other,Male,35,United-States,39006
56,Private,HS-grad,Married,Craft-repair,Husband,Black,Male,23,Philippines,48956
58,Unemployed,PhD,Widowed,Sales,Unmarried,Asian-Pac-Islander,Female,54,Philippines,63349
45,Government,Bachelors,Married,Craft-repair,Unmarried,Amer-Indian-Eskimo,Male,45,Philippines,73865
24,Private,Some-college,Married,Other-service,Wife,Amer-Indian-Eskimo,Male,31,Mexico,46913
26,Unemployed,Bachelors,Single,Other-service,Wife,Black,Female,30,India,49328
25,Private,Bachelors,Divorced,Craft-repair,Unmarried,Other,Female,56,United-States,31790
29,Government,Bachelors,Married,Exec-managerial,Unmarried,Amer-Indian-Eskimo,Male,44,Germany,79087
51,Unemployed,Masters,Divorced,Sales,Unmarried,Black,Male,37,Germany,28984
50,Private,Masters,Married,Other-service,Wife,White,Male,38,India,67574
40,Government,Bachelors,Married,Exec-managerial,Unmarried,Other,Male,42,Philippines,44519
41,Private,Some-college,Widowed,Craft-repair,Unmarried,Asian-Pac-Islander,Male,57,United-States,41009
54,Private,PhD,Widowed,Exec-managerial,Own-child,Amer-Indian-Eskimo,Female,37,Germany,33349
52,Self-emp,PhD,Widowed,Tech-support,Husband,Black,Female,45,Germany,86150
61,Self-emp,HS-grad,Divorced,Other-service,Not-in-family,White,Male,25,Philippines,53322
57,Government,Some-college,Single,Craft-repair,Husband,Asian-Pac-Islander,Male,23,India,50319
39,Self-emp,Masters,Married,Sales,Own-child,Black,Female,48,United-States,63300
44,Government,Bachelors,Married,Craft-repair,Not-in-family,Black,Male,53,India,40237
52,Self-emp,HS-grad,Married,Sales,Unmarried,Asian-Pac-Islander,Male,36,India,50027
18,Private,PhD,Divorced,Craft-repair,Own-child,White,Male,35,United-States,50845
52,Government,Masters,Widowed,Exec-managerial,Unmarried,White,Male,21,United-States,42317
54,Government,Masters,Single,Exec-managerial,Wife,Other,Male,53,Germany,67994
64,Private,Bachelors,Divorced,Exec-managerial,Own-child,Amer-Indian-Eskimo,Female,27,Germany,46720
31,Government,PhD,Widowed,Tech-support,Wife,Asian-Pac-Islander,Male,32,United-States,26703
20,Government,Some-college,Divorced,Sales,Own-child,Asian-Pac-Islander,Male,27,Mexico,45477
18,Self-emp,Masters,Single,Exec-managerial,Own-child,Asian-Pac-Islander,Male,49,Germany,53737
22,Government,Bachelors,Widowed,Tech-support,Wife,White,Female,51,Mexico,36597
43,Unemployed,Some-college,Divorced,Sales,Not-in-family,Amer-Indian-Eskimo,Female,55,United-States,37781
31,Private,PhD,Single,Craft-repair,Husband,Other,Female,49,Germany,41806
56,Self-emp,Masters,Married,Tech-support,Unmarried,Black,Female,20,India,68318
44,Self-emp,Some-college,Single,Other-service,Own-child,Black,Male,58,United-States,42692
26,Unemployed,Some-college,Married,Tech-support,Unmarried,Asian-Pac-Islander,Female,36,Philippines,71436
32,Private,Some-college,Divorced,Tech-support,Wife,Amer-Indian-Eskimo,Male,39,Mexico,40775
32,Private,Masters,Widowed,Sales,Unmarried,White,Male,43,United-States,54875
43,Self-emp,Masters,Widowed,Craft-repair,Wife,Amer-Indian-Eskimo,Female,41,United-States,43306
59,Government,HS-grad,Divorced,Other-service,Unmarried,Amer-Indian-Eskimo,Female,48,Germany,61311
30,Self-emp,PhD,Widowed,Exec-managerial,Husband,White,Female,41,Germany,33225
49,Private,Bachelors,Widowed,Exec-managerial,Husband,Asian-Pac-Islander,Female,28,Germany,61142
56,Unemployed,Some-college,Married,Tech-support,Husband,Amer-Indian-Eskimo,Female,56,Philippines,51708
49,Self-emp,HS-grad,Divorced,Sales,Husband,Black,Male,29,Germany,40400
21,Private,Bachelors,Single,Sales,Husband,White,Female,55,United-States,47506
47,Self-emp,HS-grad,Married,Exec-managerial,Husband,Other,Female,56,Germany,73007
54,Government,Masters,Divorced,Other-service,Wife,Asian-Pac-Islander,Female,47,India,52067
40,Self-emp,Some-college,Married,Craft-repair,Own-child,White,Male,47,Germany,39459
56,Self-emp,Bachelors,Single,Other-service,Unmarried,Other,Female,40,Philippines,31929
62,Private,Bachelors,Single,Craft-repair,Husband,Other,Male,43,India,57581
32,Private,Bachelors,Divorced,Exec-managerial,Wife,Amer-Indian-Eskimo,Female,59,United-States,52937
60,Private,Bachelors,Single,Craft-repair,Wife,Amer-Indian-Eskimo,Female,21,United-States,60425
46,Self-emp,Bachelors,Married,Sales,Wife,Amer-Indian-Eskimo,Male,27,Mexico,28066
53,Government,HS-grad,Single,Tech-support,Own-child,White,Female,46,India,32416
30,Unemployed,Some-college,Married,Tech-support,Unmarried,White,Male,41,Mexico,67203
49,Unemployed,Masters,Married,Exec-managerial,Own-child,Asian-Pac-Islander,Male,56,India,54970
24,Private,Masters,Single,Sales,Not-in-family,Amer-Indian-Eskimo,Male,46,India,58001
39,Private,Masters,Divorced,Other-service,Wife,Other,Female,48,Philippines,35559
45,Self-emp,Masters,Widowed,Sales,Not-in-family,Black,Female,22,Mexico,35285
19,Unemployed,HS-grad,Single,Tech-support,Husband,Asian-Pac-Islander,Female,32,Philippines,64868
59,Private,PhD,Married,Tech-support,Husband,White,Male,29,India,65575
62,Government,Some-college,Married,Sales,Own-child,Asian-Pac-Islander,Female,55,United-States,33675
23,Government,Bachelors,Single,Sales,Unmarried,Asian-Pac-Islander,Male,28,India,30809
45,Private,PhD,Divorced,Tech-support,Not-in-family,Asian-Pac-Islander,Female,46,Philippines,48371
45,Private,Masters,Divorced,Other-service,Unmarried,Asian-Pac-Islander,Male,53,Mexico,38009
61,Unemployed,PhD,Married,Exec-managerial,Own-child,Black,Male,20,Mexico,37697
61,Unemployed,Some-college,Married,Exec-managerial,Husband,Amer-Indian-Eskimo,Male,51,Philippines,31229
37,Self-emp,Bachelors,Divorced,Sales,Unmarried,Other,Female,44,Mexico,42973
47,Unemployed,Bachelors,Widowed,Exec-managerial,Unmarried,Asian-Pac-Islander,Male,48,Germany,32679
28,Government,Some-college,Single,Tech-support,Husband,Asian-Pac-Islander,Male,26,United-States,33568
45,Government,Some-college,Married,Tech-support,Not-in-family,Asian-Pac-Islander,Male,22,United-States,54475
42,Private,Masters,Married,Sales,Husband,Amer-Indian-Eskimo,Male,39,United-States,49172
56,Unemployed,Bachelors,Divorced,Sales,Unmarried,White,Male,39,Mexico,57273
50,Self-emp,PhD,Single,Sales,Not-in-family,White,Male,49,Mexico,25264
18,Government,HS-grad,Divorced,Other-service,Not-in-family,Black,Female,54,India,50148
44,Government,HS-grad,Single,Exec-managerial,Husband,White,Female,54,India,81134
30,Self-emp,Some-college,Single,Sales,Unmarried,Asian-Pac-Islander,Male,58,United-States,44415
58,Self-emp,Masters,Single,Craft-repair,Own-child,Asian-Pac-Islander,Female,46,Germany,62371
20,Government,HS-grad,Married,Craft-repair,Unmarried,Asian-Pac-Islander,Female,45,India,62240
56,Government,Bachelors,Widowed,Tech-support,Wife,Black,Male,33,India,62977
23,Self-emp,Some-college,Divorced,Exec-managerial,Own-child,Asian-Pac-Islander,Male,36,Mexico,52499
25,Government,PhD,Widowed,Sales,Not-in-family,White,Male,37,Germany,58491
44,Private,Some-college,Divorced,Craft-repair,Own-child,Amer-Indian-Eskimo,Female,48,United-States,60485
26,Private,PhD,Single,Exec-managerial,Not-in-family,Amer-Indian-Eskimo,Male,39,India,59531
54,Self-emp,Some-college,Married,Tech-support,Not-in-family,Other,Female,46,Germany,33238
50,Unemployed,Some-college,Widowed,Other-service,Own-child,White,Male,37,Germany,24389
59,Self-emp,Some-college,Married,Exec-managerial,Not-in-family,Asian-Pac-Islander,Female,23,United-States,26696
61,Self-emp,PhD,Divorced,Exec-managerial,Not-in-family,Amer-Indian-Eskimo,Male,20,Germany,45947
41,Unemployed,PhD,Married,Other-service,Wife,White,Male,20,Germany,58908
32,Unemployed,Some-college,Married,Exec-managerial,Unmarried,Amer-Indian-Eskimo,Female,45,Germany,33433
49,Unemployed,HS-grad,Widowed,Tech-support,Unmarried,Asian-Pac-Islander,Female,39,India,63859
49,Private,Masters,Single,Tech-support,Wife,Amer-Indian-Eskimo,Female,42,United-States,42465
41,Government,Masters,Married,Other-service,Own-child,Other,Female,29,Germany,42608
58,Private,Masters,Single,Sales,Husband,Other,Female,30,Germany,37458
29,Government,PhD,Divorced,Craft-repair,Husband,Amer-Indian-Eskimo,Female,24,India,21728
56,Private,PhD,Married,Sales,Husband,White,Male,20,United-States,53439
19,Government,HS-grad,Widowed,Exec-managerial,Wife,White,Female,36,Mexico,75690
20,Private,Masters,Divorced,Craft-repair,Wife,White,Male,41,India,49060
54,Unemployed,Masters,Divorced,Other-service,Not-in-family,Amer-Indian-Eskimo,Male,53,United-States,22240
34,Self-emp,Some-college,Widowed,Other-service,Husband,White,Female,48,Germany,61705
19,Private,PhD,Married,Craft-repair,Own-child,Asian-Pac-Islander,Male,23,United-States,25628
19,Government,Masters,Married,Tech-support,Own-child,Other,Female,24,United-States,31864
45,Unemployed,HS-grad,Divorced,Craft-repair,Husband,Asian-Pac-Islander,Female,30,United-States,46424
40,Private,HS-grad,Married,Exec-managerial,Husband,White,Male,40,Mexico,51842
54,Private,Masters,Single,Tech-support,Husband,Asian-Pac-Islander,Male,54,United-States,34870
49,Unemployed,PhD,Widowed,Other-service,Wife,White,Female,31,Mexico,45840
50,Private,HS-grad,Single,Craft-repair,Wife,Amer-Indian-Eskimo,Female,45,Germany,60727
18,Self-emp,Some-college,Married,Sales,Wife,Asian-Pac-Islander,Male,38,Mexico,62782
36,Private,HS-grad,Divorced,Sales,Unmarried,Amer-Indian-Eskimo,Male,26,Germany,68771
19,Self-emp,Bachelors,Widowed,Exec-managerial,Own-child,Amer-Indian-Eskimo,Male,26,Germany,78641
61,Self-emp,Bachelors,Married,Sales,Own-child,Black,Male,45,Mexico,62148
43,Unemployed,PhD,Married,Craft-repair,Not-in-family,White,Female,59,India,46748
49,Private,Masters,Divorced,Craft-repair,Wife,Other,Female,24,Philippines,62889
23,Unemployed,PhD,Divorced,Sales,Unmarried,White,Female,40,United-States,57000
49,Private,PhD,Single,Craft-repair,Unmarried,Other,Female,33,Philippines,57595
21,Private,PhD,Widowed,Exec-managerial,Own-child,White,Male,23,United-States,52658
28,Government,PhD,Widowed,Tech-support,Wife,Amer-Indian-Eskimo,Male,42,United-States,36319
34,Private,Some-college,Divorced,Exec-managerial,Not-in-family,Asian-Pac-Islander,Female,39,Germany,34578
55,Unemployed,Some-college,Single,Exec-managerial,Wife,Asian-Pac-Islander,Female,34,United-States,48543
41,Self-emp,HS-grad,Widowed,Craft-repair,Husband,Black,Female,48,United-States,52233
22,Private,Bachelors,Divorced,Tech-support,Wife,Other,Female,27,Mexico,39808
51,Government,PhD,Married,Craft-repair,Husband,Other,Female,38,Philippines,56350
23,Unemployed,HS-grad,Widowed,Other-service,Husband,Other,Female,58,Mexico,81211
39,Private,Bachelors,Single,Craft-repair,Not-in-family,Amer-Indian-Eskimo,Female,47,United-States,23835
28,Unemployed,Masters,Single,Craft-repair,Own-child,Other,Female,46,Germany,58733
33,Government,Some-college,Single,Craft-repair,Wife,Asian-Pac-Islander,Female,23,Mexico,49010
50,Government,Bachelors,Married,Tech-support,Husband,Amer-Indian-Eskimo,Male,34,Mexico,56759
26,Unemployed,Masters,Widowed,Craft-repair,Wife,White,Female,54,India,43539
23,Private,Bachelors,Widowed,Tech-support,Own-child,Other,Male,56,United-States,47809
33,Self-emp,Some-college,Married,Sales,Own-child,Other,Male,20,Germany,51942
46,Government,Some-college,Widowed,Other-service,Unmarried,White,Female,22,Mexico,45475
20,Private,HS-grad,Married,Tech-support,Own-child,Other,Female,43,Mexico,27191
37,Private,PhD,Married,Sales,Not-in-family,White,Male,46,Germany,46491
53,Self-emp,Bachelors,Married,Tech-support,Husband,Amer-Indian-Eskimo,Male,59,United-States,28753
36,Government,Bachelors,Single,Tech-support,Unmarried,Asian-Pac-Islander,Female,55,India,59797
43,Government,Masters,Widowed,Other-service,Not-in-family,White,Male,53,Mexico,22016
20,Private,Some-college,Married,Exec-managerial,Wife,Black,Female,48,India,65429
36,Private,Bachelors,Widowed,Exec-managerial,Husband,White,Female,43,Philippines,56443
37,Self-emp,Some-college,Single,Tech-support,Own-child,Other,Female,43,United-States,56500
49,Self-emp,Bachelors,Married,Craft-repair,Husband,Amer-Indian-Eskimo,Male,23,Philippines,17535
24,Government,HS-grad,Divorced,Sales,Wife,Amer-Indian-Eskimo,Male,22,Philippines,45071
58,Unemployed,PhD,Single,Craft-repair,Unmarried,White,Female,53,Philippines,67303
50,Government,Bachelors,Divorced,Craft-repair,Unmarried,Asian-Pac-Islander,Male,42,United-States,42220
57,Private,Some-college,Widowed,Tech-support,Unmarried,Black,Male,42,United-States,33829
56,Government,HS-grad,Widowed,Tech-support,Own-child,Amer-Indian-Eskimo,Male,24,Germany,40449
35,Unemployed,Bachelors,Single,Tech-support,Not-in-family,Other,Male,50,India,48975
57,Self-emp,Masters,Widowed,Tech-support,Not-in-family,Other,Male,25,India,37229
18,Unemployed,PhD,Divorced,Exec-managerial,Husband,Asian-Pac-Islander,Male,56,Germany,68507
28,Unemployed,Bachelors,Married,Tech-support,Own-child,Amer-Indian-Eskimo,Male,29,Germany,49029
45,Unemployed,HS-grad,Married,Exec-managerial,Unmarried,White,Female,59,Philippines,41666
42,Self-emp,Masters,Married,Exec-managerial,Unmarried,Other,Male,26,Germany,30479
40,Unemployed,HS-grad,Single,Tech-support,Wife,Asian-Pac-Islander,Male,58,Mexico,57266
48,Unemployed,HS-grad,Widowed,Other-service,Wife,Amer-Indian-Eskimo,Male,57,India,56924
47,Unemployed,Masters,Divorced,Sales,Unmarried,Amer-Indian-Eskimo,Male,40,Germany,38116
59,Private,HS-grad,Widowed,Craft-repair,Unmarried,Amer-Indian-Eskimo,Male,39,Mexico,16455
52,Unemployed,Masters,Widowed,Exec-managerial,Own-child,Amer-Indian-Eskimo,Male,22,Mexico,56161
24,Self-emp,Bachelors,Widowed,Sales,Not-in-family,Amer-Indian-Eskimo,Male,41,Mexico,47197
33,Unemployed,Masters,Married,Other-service,Wife,Other,Male,23,Mexico,55041
43,Unemployed,Masters,Divorced,Craft-repair,Not-in-family,Asian-Pac-Islander,Female,47,Philippines,79357
19,Self-emp,PhD,Divorced,Craft-repair,Own-child,Amer-Indian-Eskimo,Male,31,Mexico,49597
18,Unemployed,Masters,Widowed,Exec-managerial,Unmarried,Black,Male,57,Philippines,42292
29,Self-emp,Masters,Married,Tech-support,Not-in-family,Black,Male,55,Philippines,32790
22,Unemployed,Bachelors,Married,Other-service,Unmarried,Asian-Pac-Islander,Male,24,Mexico,45313
54,Self-emp,PhD,Divorced,Exec-managerial,Unmarried,White,Female,32,India,52408
49,Unemployed,Some-college,Married,Other-service,Husband,White,Female,42,Mexico,50799
26,Unemployed,Bachelors,Married,Tech-support,Not-in-family,White,Female,49,Mexico,75851
58,Private,Bachelors,Married,Tech-support,Not-in-family,Black,Female,56,Mexico,57486
52,Private,Some-college,Single,Exec-managerial,Unmarried,White,Female,44,India,47977
36,Unemployed,Masters,Widowed,Tech-support,Own-child,Other,Female,46,United-States,39401
33,Unemployed,HS-grad,Divorced,Sales,Husband,Amer-Indian-Eskimo,Female,33,United-States,54000
20,Government,PhD,Divorced,Craft-repair,Unmarried,Black,Female,55,Philippines,36394
37,Self-emp,HS-grad,Single,Exec-managerial,Wife,Asian-Pac-Islander,Female,58,Philippines,52697
41,Government,Some-college,Widowed,Other-service,Wife,Asian-Pac-Islander,Female,35,India,57311
50,Private,Bachelors,Divorced,Sales,Husband,Amer-Indian-Eskimo,Female,41,Germany,46753
41,Private,Bachelors,Married,Exec-managerial,Own-child,Black,Female,40,United-States,40545
28,Private,PhD,Divorced,Tech-support,Unmarried,White,Female,40,Philippines,17220
25,Private,Bachelors,Married,Tech-support,Not-in-family,White,Female,27,United-States,67157
53,Unemployed,Bachelors,Single,Tech-support,Husband,Other,Female,35,India,56049
55,Private,PhD,Married,Tech-support,Own-child,Other,Female,50,India,56414
57,Unemployed,PhD,Divorced,Other-service,Not-in-family,White,Male,29,Germany,26579
37,Unemployed,Some-college,Divorced,Sales,Wife,Asian-Pac-Islander,Female,51,Germany,70697
52,Private,Bachelors,Divorced,Craft-repair,Wife,Asian-Pac-Islander,Male,53,India,43021
42,Private,Bachelors,Single,Other-service,Not-in-family,Other,Female,28,Philippines,45668
52,Self-emp,Some-college,Single,Other-service,Husband,Amer-Indian-Eskimo,Female,36,United-States,33960
42,Government,Masters,Widowed,Craft-repair,Wife,White,Male,30,Mexico,23195
46,Private,Masters,Divorced,Craft-repair,Unmarried,Other,Female,51,Germany,67360
35,Self-emp,Masters,Married,Tech-support,Not-in-family,Other,Male,29,Mexico,69298
63,Self-emp,Some-college,Single,Other-service,Not-in-family,White,Male,41,Philippines,47517
35,Government,Bachelors,Divorced,Exec-managerial,Wife,White,Male,36,Germany,39809
19,Unemployed,Some-college,Divorced,Craft-repair,Husband,Asian-Pac-Islander,Female,23,Mexico,44344
52,Private,Some-college,Single,Craft-repair,Unmarried,Amer-Indian-Eskimo,Female,44,Philippines,44755
33,Government,Masters,Widowed,Sales,Husband,Amer-Indian-Eskimo,Female,40,United-States,32002
58,Private,HS-grad,Single,Exec-managerial,Own-child,White,Male,56,Philippines,45616
53,Self-emp,Bachelors,Single,Exec-managerial,Own-child,Black,Male,57,Germany,52296
50,Self-emp,Masters,Married,Craft-repair,Wife,Other,Female,20,India,65272
21,Unemployed,HS-grad,Married,Tech-support,Wife,Other,Female,44,United-States,50213
50,Self-emp,HS-grad,Widowed,Sales,Wife,White,Female,55,Mexico,26354
31,Self-emp,PhD,Divorced,Exec-managerial,Own-child,Black,Female,36,Germany,55303
38,Government,Bachelors,Single,Craft-repair,Husband,Asian-Pac-Islander,Female,43,India,46161
37,Private,HS-grad,Widowed,Exec-managerial,Husband,White,Male,21,Philippines,70556
25,Private,Masters,Married,Sales,Wife,White,Male,59,India,71441
24,Government,PhD,Single,Sales,Unmarried,Other,Male,34,Germany,71966
20,Unemployed,Bachelors,Divorced,Other-service,Husband,White,Female,51,Germany,41576
34,Private,Some-college,Married,Craft-repair,Own-child,White,Male,58,India,79847
50,Self-emp,Masters,Married,Sales,Not-in-family,White,Male,25,Philippines,55264
29,Private,HS-grad,Married,Other-service,Not-in-family,Other,Male,20,India,74395
39,Self-emp,HS-grad,Widowed,Other-service,Not-in-family,Asian-Pac-Islander,Male,42,Germany,42460
39,Unemployed,Masters,Divorced,Exec-managerial,Unmarried,Asian-Pac-Islander,Male,58,Germany,45521
63,Government,HS-grad,Single,Exec-managerial,Wife,White,Female,36,Mexico,54110
47,Private,PhD,Widowed,Other-service,Own-child,Other,Male,53,Mexico,52278
55,Government,Bachelors,Widowed,Exec-managerial,Unmarried,Asian-Pac-Islander,Female,48,United-States,68822
55,Private,PhD,Widowed,Sales,Own-child,Asian-Pac-Islander,Female,28,Germany,46518
62,Self-emp,HS-grad,Married,Tech-support,Own-child,Asian-Pac-Islander,Female,32,Mexico,67469
25,Government,Some-college,Divorced,Sales,Wife,Other,Female,25,India,60983
44,Private,Bachelors,Widowed,Other-service,Not-in-family,Other,Female,25,Philippines,46799
44,Self-emp,Bachelors,Single,Other-service,Wife,White,Male,39,India,59820
51,Government,Masters,Divorced,Sales,Unmarried,Amer-Indian-Eskimo,Male,22,Philippines,42901
38,Government,Masters,Single,Exec-managerial,Unmarried,Asian-Pac-Islander,Female,36,Mexico,85253
47,Private,Some-college,Divorced,Exec-managerial,Unmarried,Amer-Indian-Eskimo,Female,31,United-States,10035
50,Private,Bachelors,Single,Other-service,Wife,Other,Female,20,India,60094
45,Private,Some-college,Married,Craft-repair,Own-child,Other,Male,36,India,23531
64,Self-emp,Masters,Widowed,Exec-managerial,Own-child,Other,Female,22,India,46615
50,Private,Masters,Single,Sales,Husband,Amer-Indian-Eskimo,Male,45,Philippines,48715
22,Government,Bachelors,Divorced,Exec-managerial,Unmarried,Other,Female,34,Mexico,72614
36,Government,PhD,Widowed,Sales,Own-child,White,Male,55,India,39617
21,Private,HS-grad,Widowed,Other-service,Husband,Other,Female,51,India,69620
52,Private,Masters,Divorced,Exec-managerial,Own-child,Black,Male,51,United-States,32317
34,Unemployed,Masters,Single,Sales,Unmarried,Amer-Indian-Eskimo,Female,23,United-States,70200
61,Government,PhD,Married,Other-service,Not-in-family,Black,Male,37,Mexico,42884
45,Self-emp,PhD,Married,Craft-repair,Unmarried,Other,Male,38,Mexico,51101
47,Unemployed,Some-college,Single,Sales,Wife,White,Male,54,Germany,44954
46,Private,Some-college,Widowed,Craft-repair,Own-child,Asian-Pac-Islander,Male,59,United-States,69235
63,Private,HS-grad,Widowed,Craft-repair,Own-child,Other,Male,33,Germany,66316
23,Government,HS-grad,Widowed,Tech-support,Wife,White,Male,52,Philippines,56652
52,Private,Bachelors,Widowed,Exec-managerial,Wife,Amer-Indian-Eskimo,Male,33,Germany,32721
58,Self-emp,Some-college,Single,Sales,Not-in-family,Black,Female,53,India,39274
54,Government,Masters,Widowed,Craft-repair,Own-child,Black,Female,23,Germany,34571
41,Private,Some-college,Divorced,Tech-support,Own-child,Black,Female,43,Mexico,16277
46,Government,Masters,Widowed,Other-service,Not-in-family,Amer-Indian-Eskimo,Female,48,Philippines,68919
63,Private,PhD,Married,Sales,Husband,White,Female,38,India,45082
48,Private,Some-college,Widowed,Craft-repair,Not-in-family,Amer-Indian-Eskimo,Male,25,Germany,44922
52,Private,PhD,Single,Exec-managerial,Unmarried,Black,Male,52,Philippines,72441
50,Self-emp,HS-grad,Married,Tech-support,Own-child,Other,Male,59,Philippines,42860
38,Self-emp,HS-grad,Single,Craft-repair,Wife,Asian-Pac-Islander,Male,38,India,37392
49,Government,Bachelors,Single,Exec-managerial,Unmarried,Amer-Indian-Eskimo,Male,20,Germany,46628
40,Private,Some-college,Married,Craft-repair,Own-child,Amer-Indian-Eskimo,Female,24,Philippines,33009
50,Private,PhD,Single,Sales,Not-in-family,White,Female,46,Philippines,55165
20,Self-emp,Masters,Single,Sales,Unmarried,White,Female,35,United-States,44395
35,Private,HS-grad,Widowed,Sales,Own-child,Amer-Indian-Eskimo,Female,25,Philippines,42390
42,Self-emp,HS-grad,Divorced,Tech-support,Husband,Black,Male,59,United-States,41091
59,Private,Masters,Single,Sales,Husband,Asian-Pac-Islander,Male,32,Germany,48406
48,Government,PhD,Single,Exec-managerial,Wife,White,Male,54,Germany,51252
20,Private,PhD,Single,Craft-repair,Own-child,Black,Female,38,Germany,42200
57,Private,Some-college,Widowed,Other-service,Husband,Other,Male,31,Mexico,44618
63,Unemployed,Some-college,Divorced,Exec-managerial,Not-in-family,White,Female,35,Germany,48777
41,Self-emp,Bachelors,Married,Exec-managerial,Own-child,Black,Male,29,Philippines,47263
49,Private,HS-grad,Widowed,Sales,Not-in-family,Black,Male,44,India,50466
64,Private,Some-college,Widowed,Tech-support,Not-in-family,Asian-Pac-Islander,Female,39,United-States,39849
39,Unemployed,PhD,Divorced,Craft-repair,Husband,Asian-Pac-Islander,Male,50,Mexico,65068
40,Unemployed,Masters,Divorced,Tech-support,Own-child,Other,Male,23,Germany,51452
19,Self-emp,PhD,Widowed,Craft-repair,Unmarried,Black,Female,42,Germany,42442
44,Unemployed,HS-grad,Married,Craft-repair,Husband,Black,Male,21,India,55165
59,Government,PhD,Widowed,Tech-support,Husband,Asian-Pac-Islander,Female,41,India,48884
19,Unemployed,Bachelors,Divorced,Exec-managerial,Own-child,White,Male,56,Mexico,23992
43,Government,HS-grad,Married,Craft-repair,Own-child,White,Male,27,United-States,55114
34,Self-emp,Masters,Divorced,Tech-support,Not-in-family,Amer-Indian-Eskimo,Male,26,Germany,34707
57,Self-emp,Bachelors,Married,Craft-repair,Own-child,Asian-Pac-Islander,Male,33,Mexico,64016
50,Self-emp,HS-grad,Single,Other-service,Not-in-family,Amer-Indian-Eskimo,Male,22,Philippines,46373
26,Self-emp,Masters,Divorced,Exec-managerial,Husband,Asian-Pac-Islander,Male,35,Philippines,61701
60,Self-emp,Bachelors,Divorced,Sales,Wife,Other,Male,38,Mexico,40546
56,Government,Bachelors,Widowed,Craft-repair,Unmarried,Black,Male,37,Germany,51048
46,Government,HS-grad,Divorced,Other-service,Husband,Other,Female,35,Mexico,68153
59,Self-emp,Some-college,Divorced,Sales,Own-child,Asian-Pac-Islander,Female,27,Germany,45964
43,Unemployed,Bachelors,Single,Sales,Unmarried,Black,Male,52,India,41137
52,Private,Bachelors,Divorced,Craft-repair,Wife,White,Male,31,Mexico,59825
42,Self-emp,Masters,Single,Tech-support,Wife,White,Female,30,Germany,59534
41,Unemployed,PhD,Single,Craft-repair,Not-in-family,Amer-Indian-Eskimo,Male,24,Mexico,41768
30,Private,HS-grad,Single,Other-service,Unmarried,Asian-Pac-Islander,Male,46,Mexico,20218
24,Self-emp,HS-grad,Single,Sales,Not-in-family,Asian-Pac-Islander,Female,31,Germany,40849
53,Self-emp,Some-college,Married,Craft-repair,Husband,White,Male,36,Germany,60160
62,Government,Some-college,Widowed,Tech-support,Unmarried,Other,Male,25,United-States,38374
37,Private,HS-grad,Married,Craft-repair,Husband,Black,Female,52,Mexico,49835
18,Private,Some-college,Divorced,Exec-managerial,Not-in-family,Other,Male,24,Philippines,40137
25,Unemployed,Masters,Married,Tech-support,Unmarried,Other,Male,47,Mexico,21017
63,Government,HS-grad,Married,Other-service,Not-in-family,White,Female,33,Mexico,39867
33,Government,Some-college,Divorced,Sales,Unmarried,White,Male,24,Germany,60096
31,Government,HS-grad,Divorced,Craft-repair,Not-in-family,White,Female,52,Mexico,14446
29,Government,PhD,Divorced,Tech-support,Wife,Amer-Indian-Eskimo,Male,38,Mexico,53782
40,Private,Bachelors,Married,Exec-managerial,Not-in-family,Other,Male,41,Philippines,32208
32,Private,HS-grad,Married,Tech-support,Wife,Asian-Pac-Islander,Female,24,Germany,59126
45,Self-emp,Bachelors,Divorced,Exec-managerial,Not-in-family,Black,Female,21,Mexico,60714
51,Self-emp,Some-college,Widowed,Other-service,Unmarried,Amer-Indian-Eskimo,Male,49,India,47420
19,Government,Bachelors,Widowed,Sales,Unmarried,Asian-Pac-Islander,Female,58,United-States,47454
49,Government,HS-grad,Single,Other-service,Unmarried,Other,Female,23,Philippines,37904
40,Government,PhD,Divorced,Craft-repair,Own-child,White,Male,52,Mexico,29816
39,Self-emp,Some-college,Single,Tech-support,Husband,Other,Male,32,India,75471
42,Unemployed,HS-grad,Widowed,Exec-managerial,Unmarried,Black,Male,39,Mexico,37023
39,Unemployed,Some-college,Single,Exec-managerial,Wife,Amer-Indian-Eskimo,Female,26,Mexico,73516
39,Self-emp,Masters,Divorced,Tech-support,Unmarried,Amer-Indian-Eskimo,Female,34,Germany,37107
59,Self-emp,Bachelors,Divorced,Tech-support,Own-child,Black,Female,42,Germany,57877
23,Self-emp,Masters,Divorced,Craft-repair,Wife,Asian-Pac-Islander,Female,33,Germany,32932
32,Self-emp,HS-grad,Married,Other-service,Own-child,Asian-Pac-Islander,Male,42,India,57850
60,Self-emp,PhD,Single,Exec-managerial,Wife,Amer-Indian-Eskimo,Female,38,Mexico,45116
54,Self-emp,Some-college,Widowed,Craft-repair,Not-in-family,Amer-Indian-Eskimo,Male,48,United-States,45312
50,Government,Bachelors,Widowed,Other-service,Husband,White,Female,39,Philippines,59150
25,Government,Some-college,Widowed,Craft-repair,Husband,Asian-Pac-Islander,Male,48,Germany,42962
61,Government,HS-grad,Married,Exec-managerial,Own-child,Black,Male,43,Germany,28577
61,Government,Some-college,Married,Tech-support,Husband,Asian-Pac-Islander,Male,37,Mexico,61419
22,Self-emp,Bachelors,Divorced,Tech-support,Own-child,White,Female,29,Mexico,32811
56,Unemployed,HS-grad,Widowed,Other-service,Own-child,Amer-Indian-Eskimo,Male,27,India,57747
21,Private,Some-college,Married,Sales,Own-child,Amer-Indian-Eskimo,Male,45,India,64594
23,Self-emp,PhD,Divorced,Other-service,Husband,White,Female,48,Germany,44367
62,Private,HS-grad,Widowed,Sales,Own-child,Black,Male,29,Mexico,67735
49,Unemployed,HS-grad,Single,Craft-repair,Husband,Amer-Indian-Eskimo,Female,36,United-States,57226
47,Government,PhD,Divorced,Craft-repair,Own-child,Other,Female,21,Philippines,39562
64,Unemployed,Masters,Married,Exec-managerial,Unmarried,Amer-Indian-Eskimo,Male,25,Mexico,71021
52,Self-emp,Bachelors,Married,Sales,Own-child,Other,Male,24,Mexico,32874
57,Government,Masters,Divorced,Exec-managerial,Wife,White,Female,47,India,44349
33,Self-emp,Some-college,Divorced,Tech-support,Own-child,White,Male,24,Philippines,46905
30,Government,PhD,Married,Sales,Not-in-family,Amer-Indian-Eskimo,Female,37,Germany,59078
59,Private,Masters,Single,Other-service,Own-child,Asian-Pac-Islander,Female,45,Mexico,66731
47,Private,HS-grad,Widowed,Tech-support,Wife,Other,Female,39,Germany,65791
36,Private,Some-college,Single,Tech-support,Wife,Black,Male,46,Mexico,53356
34,Unemployed,Some-college,Divorced,Other-service,Husband,Amer-Indian-Eskimo,Female,31,Germany,45795
36,Self-emp,Masters,Single,Tech-support,Unmarried,Black,Male,26,Philippines,22610
45,Unemployed,Masters,Married,Sales,Own-child,Amer-Indian-Eskimo,Male,22,India,30287
43,Private,PhD,Divorced,Exec-managerial,Husband,Asian-Pac-Islander,Male,29,Philippines,76499
54,Self-emp,Bachelors,Widowed,Tech-support,Unmarried,Asian-Pac-Islander,Male,53,United-States,22458
43,Private,Masters,Married,Sales,Own-child,Asian-Pac-Islander,Female,44,India,38232
40,Unemployed,Masters,Married,Craft-repair,Not-in-family,Asian-Pac-Islander,Male,54,Philippines,67169
26,Unemployed,HS-grad,Widowed,Sales,Own-child,White,Female,35,United-States,53145
29,Unemployed,Some-college,Widowed,Exec-managerial,Wife,White,Female,21,Mexico,63920
18,Private,Bachelors,Single,Sales,Wife,Other,Male,43,Mexico,58142
18,Self-emp,HS-grad,Divorced,Other-service,Not-in-family,Black,Female,29,Germany,72043
64,Self-emp,PhD,Widowed,Exec-managerial,Husband,Amer-Indian-Eskimo,Female,57,India,54431
51,Private,PhD,Widowed,Craft-repair,Unmarried,Amer-Indian-Eskimo,Male,41,Mexico,59951
49,Self-emp,Masters,Divorced,Other-service,Own-child,White,Female,45,India,39136
42,Private,Masters,Widowed,Sales,Wife,Amer-Indian-Eskimo,Female,58,Mexico,58794
57,Self-emp,PhD,Widowed,Exec-managerial,Husband,White,Female,46,Germany,44058
62,Government,Masters,Single,Craft-repair,Not-in-family,Other,Female,48,Philippines,43203
18,Government,Bachelors,Married,Other-service,Wife,Black,Male,57,Germany,63420
33,Unemployed,Masters,Married,Craft-repair,Not-in-family,Other,Female,39,United-States,63524
56,Government,Some-college,Married,Sales,Own-child,Asian-Pac-Islander,Female,46,Mexico,75326
22,Government,Masters,Married,Craft-repair,Unmarried,Asian-Pac-Islander,Female,39,United-States,74348
39,Government,HS-grad,Widowed,Tech-support,Wife,Asian-Pac-Islander,Female,38,United-States,63759
46,Private,Bachelors,Divorced,Other-service,Wife,Other,Male,39,India,24193
20,Government,HS-grad,Divorced,Craft-repair,Own-child,Amer-Indian-Eskimo,Female,54,Mexico,77415
29,Government,HS-grad,Single,Sales,Husband,Black,Male,21,United-States,63769
43,Unemployed,Some-college,Single,Sales,Unmarried,Asian-Pac-Islander,Female,49,Philippines,38512
33,Government,Bachelors,Widowed,Craft-repair,Wife,Asian-Pac-Islander,Male,53,United-States,60933
54,Government,Bachelors,Divorced,Sales,Unmarried,Asian-Pac-Islander,Male,41,Philippines,34441
39,Self-emp,Bachelors,Divorced,Exec-managerial,Wife,Black,Male,22,India,59279
46,Unemployed,Bachelors,Married,Exec-managerial,Unmarried,Asian-Pac-Islander,Male,25,United-States,30255
31,Unemployed,Bachelors,Widowed,Exec-managerial,Not-in-family,Black,Male,34,Germany,37876
45,Unemployed,Some-college,Widowed,Tech-support,Wife,Asian-Pac-Islander,Female,46,India,60648
22,Unemployed,Masters,Married,Craft-repair,Unmarried,Other,Female,29,Philippines,66093
64,Unemployed,HS-grad,Widowed,Tech-support,Husband,Other,Female,28,India,54881
47,Unemployed,Bachelors,Widowed,Sales,Not-in-family,Black,Male,52,United-States,45707
63,Private,Masters,Single,Tech-support,Not-in-family,Other,Female,51,Mexico,18277
22,Government,Masters,Divorced,Sales,Husband,Black,Male,25,Mexico,46864
29,Unemployed,HS-grad,Widowed,Sales,Unmarried,Other,Male,55,Philippines,58002
33,Government,Some-college,Single,Other-service,Own-child,Other,Female,21,Philippines,45248
43,Government,PhD,Divorced,Exec-managerial,Husband,Black,Female,48,Mexico,49661
43,Private,PhD,Married,Sales,Unmarried,Amer-Indian-Eskimo,Male,23,Philippines,47215
38,Unemployed,Masters,Single,Other-service,Husband,Other,Male,20,India,45174
56,Self-emp,HS-grad,Single,Exec-managerial,Husband,Asian-Pac-Islander,Female,38,Germany,51138
53,Private,PhD,Divorced,Sales,Wife,Amer-Indian-Eskimo,Female,45,Germany,45909
50,Self-emp,Masters,Married,Sales,Unmarried,Black,Female,44,India,71649
47,Government,Some-college,Single,Tech-support,Own-child,Amer-Indian-Eskimo,Female,29,Germany,16903
54,Government,PhD,Widowed,Tech-support,Wife,White,Male,34,United-States,41812
40,Private,Masters,Widowed,Exec-managerial,Husband,White,Female,41,India,36946
27,Private,Masters,Widowed,Sales,Husband,Other,Female,40,Philippines,53286
22,Self-emp,Bachelors,Married,Craft-repair,Husband,Other,Female,41,India,51157
53,Unemployed,Some-college,Single,Tech-support,Unmarried,Asian-Pac-Islander,Male,55,Mexico,74332
51,Self-emp,Bachelors,Widowed,Exec-managerial,Unmarried,Amer-Indian-Eskimo,Male,53,Philippines,79267
48,Private,HS-grad,Married,Sales,Wife,White,Male,49,Mexico,38403
27,Self-emp,Bachelors,Widowed,Sales,Own-child,Other,Male,44,Philippines,50007
36,Private,Bachelors,Divorced,Craft-repair,Wife,Amer-Indian-Eskimo,Female,47,Germany,52944
49,Self-emp,PhD,Single,Exec-managerial,Not-in-family,Other,Male,20,India,38032
18,Private,Masters,Single,Sales,Husband,Other,Female,23,United-States,59425
22,Private,Some-college,Married,Tech-support,Husband,White,Female,26,Philippines,46407
62,Private,Bachelors,Married,Craft-repair,Husband,White,Female,28,Philippines,33985
21,Unemployed,Some-college,Single,Exec-managerial,Wife,Other,Female,55,Mexico,45806
33,Self-emp,Bachelors,Widowed,Craft-repair,Wife,Black,Male,38,Germany,35034
41,Self-emp,HS-grad,Widowed,Tech-support,Husband,Other,Male,20,Mexico,65549
33,Self-emp,Bachelors,Divorced,Exec-managerial,Wife,Other,Male,29,Mexico,78523
19,Private,PhD,Widowed,Craft-repair,Unmarried,Asian-Pac-Islander,Female,55,Germany,53672
45,Self-emp,Masters,Married,Other-service,Unmarried,Asian-Pac-Islander,Female,28,United-States,51669
49,Self-emp,HS-grad,Married,Tech-support,Wife,Asian-Pac-Islander,Female,51,Mexico,52286
44,Private,Bachelors,Widowed,Tech-support,Husband,Black,Female,51,Mexico,67733
37,Government,Some-college,Married,Tech-support,Wife,Black,Female,25,Philippines,67410
41,Private,HS-grad,Single,Other-service,Wife,Other,Male,57,Germany,48265
29,Self-emp,HS-grad,Single,Other-service,Wife,Asian-Pac-Islander,Female,36,India,53788
52,Private,Bachelors,Widowed,Sales,Not-in-family,Black,Male,29,United-States,59789
50,Government,HS-grad,Single,Craft-repair,Unmarried,White,Female,46,United-States,32934
